id,city,area,location,accident_2021,accident_2022,accident_2023,total_accident,total_fatality,latitude,longitude,geom,severity_index,accident_hour,day_night,risk_level,buffer_geom,buffer_color
1,Mumbai,Andheri,Intersection of WEH and AGLE,8,1,10,19,2,19.11657,72.85518,0101000020E61000005F0CE544BB365240D9B11188D71D3340,10.53,13,Day,Low,0103000020E61000000100000021000000C1F30867DA3652407FCD95FBD81D334007F8F1E0D936524057DA7BDCC11D3340BEC0B82DD836524003409492AB1D3340DF72175ED5365240C7FD24F9961D3340720EB68DD13652401426D5DA841D3340484D1AE2CC3652408548E3E9751D334060783689C7365240B6044CB96A1D33409964A5B7C1365240E42224B7631D334081F5A4A6BB36524082BD5D28611D3340D807E391B536524067132226631D33403C6532B5AF365240650EDA9C691D3340844D3E4AAA365240AAFEEE4C741D33401A305386A53652408E223CCD821D33408F5F5298A1365240DEF2188F941D334081E3E4A69E3652402B78D4E3A81D3340EA20FFCE9C36524021C06B03BF1D3340D9F6C3229C365240946E3914D61D33409E43D2A89C3652407DD25233ED1D334078B0035C9E3652405C3B407D031E334012489F2BA13652409BC7BA16181E334003E9FDFBA4365240D2AC19352A1E33402D459AA7A9365240BD101C26391E3340FAFB8100AF365240B3CFC256441E33403AA119D2B436524023C6F6584B1E3340635122E3BA365240C002C4E74D1E334002EEECF7C03652401D3C00EA4B1E33400C5BA5D4C636524092724273451E334008299F3FCC365240493822C33A1E3340F0098D03D1365240E206C6422C1E33407A3F8DF1D436524037B0D8801A1E3340A2D9F6E2D7365240C1AF0D2C061E3340C00AD6BAD93652402F536A0CF01D3340C1F30867DA3652407FCD95FBD81D3340,#FFFF00
2,Mumbai,Bandra,Mahim Causeway Junction (Sea Link),6,13,15,34,5,19.04983,72.83821,0101000020E6100000884B8E3BA5355240145CACA8C10C3340,14.71,13,Day,Low,0103000020E61000000100000021000000243A6A5AC4355240FD70DF1DC30C3340B08177D4C33552407933C3FEAB0C3340C16F8121C23552407FD4C8B4950C334059943F52BF355240D30C371B810C33404A445682BB3552407743B6FC6E0C3340109C46D7B635524084EA860B600C33409882FD7EB135524037FFA7DA540C3340E6DA0FAEAB355240490B31D84D0C33404641B59DA5355240343317494B0C33408F3395899F3552408BEA86464D0C33405B437CAD99355240045BECBC530C33407FDC0F43943552400200B46C5E0C3340AF37977F8F355240430FBCEC6C0C33405441EF918B35524047A85EAE7E0C3340BA96BDA088355240810FED02930C3340FC4FF4C886355240FD0D6622A90C33406F33B51C8635524059712533C00C3340AF459FA28635524066154152D70C3340E8938D55883552401834419CED0C3340B3BCC9248B3552409E34DE35020D33404D49B0F48E35524094FA6D54140D3340F088C09F93355240CFCBAD45230D3340A07D0DF89835524028299C762E0D334010AE01C99E355240F62E1F79350D3340487F64D9A435524051E23F08380D334032338DEDAA35524072C4D00A360D33401DE7ADC9B03552403F9465942F0D334096002034B63552406CB692E4240D3340DB689BF7BA3552408CAA7B64160D3340CCC742E5BE3552404399C8A2040D33402E9770D6C1355240F9BF2A4EF00C33402F5533AEC33552409FAFA52EDA0C3340243A6A5AC4355240FD70DF1DC30C3340,#FFFF00
3,Mumbai,Bangur Nagar,"Mith Chowki, Malad West",3,5,9,17,0,19.19571,72.83377,0101000020E6100000B398D87C5C3552400A80F10C1A323340,0.00,8,Day,Low,0103000020E61000000100000021000000CE0BADA27B35524087D4A8851B323340869CCA1C7B35524099B29766043233407EA09F69793552405B6C851CEE3133404AB1E59976355240C5A4B982D9313340C0C145C972355240EFFBDE63C73133404DF3471D6E3552403E563972B83133409E53E2C368355240DD3ACC40AD3133404AB4B4F1623552409EA8B43DA631334088FC02E05C355240F6EEEDADA3313340A4D881CA56355240B925ABAAA5313340B96A0BED50355240EE525F20AC313340E48B52814B355240CFC27DCFB6313340F23AABBC46355240472DEB4EC5313340AA05FECD423552400DA50710D73133409A93FADB3F35524014982964EB313340370D9B033E3552400DFC538301323340E5FF06573D35524019A5E59318323340FCB4E0DC3D3552406E31F6B22F323340C6DB03903F355240E7470EFD45323340F90BB85F42355240F862E5965A323340AF325530463552401C29CFB56C323340039B53DC4A355240DD6885A77B323340D91FBD3550355240091402D986323340CD57F107563552404CCD25DC8D323340935AAB195C355240976BF36B90323340A938352F623552406BCA366F8E323340D07BB30C68355240F8CC7CF987323340A71972786D3552409F09534A7D3233406D331C3D72355240D881D6CA6E323340D4CEC82B763552400370A9095D323340BC5BC81D7935524030ED77B5483233407F4921F67A3552403062419632323340CE0BADA27B35524087D4A8851B323340,#FFFF00
4,Mumbai,Byculla,Bameter Naka Marg Junction,7,4,6,17,6,18.97598,72.84433,0101000020E61000000742B28009365240D28C45D3D9F93240,35.29,18,Day,High,0103000020E610000001000000210000006438129C2836524021400746DBF93240B4620E162836524080D6E426C4F93240A6222A6326365240FF8EFCDCADF9324068581C9423365240C570944399F932402E5887C41F365240AF49532587F93240D400E9191B365240BB1A773478F9324084DE29C215365240FAAFFB036DF932403987D9F10F36524021C1F40166F932400D8C29E2093652405625537363F93240D8DCBACE03365240AAB13E7165F93240D53A53F3FD3552408DCD1EE86BF932400D429189F83552402C3D5B9876F93240E79EB5C6F33552409BB8CD1885F932405D3597D9EF3552406B47CCDA96F932407859D6E8EC35524062A4A42FABF9324047CD6011EB3552400AC0524FC1F93240F71E5565EA355240C65C3060D8F932409F5850EBEA355240B32C527FEFF9324012DE2C9EEC3552400D2D40C905FA32405CFC346DEF355240AC77B3621AFA3240543CC73CF33552403B8B03812CFA3240582A66E7F73552401921F0713BFA32404B23293FFD355240F7ED7AA246FA32409BFB7F0F0336524093E28DA44DFA3240B124381F093652403953363350FA3240F06FAF320F3652409C604B354EFA32408DCC1E0E15365240DD8B65BE47FA32404A71E6771A365240D9EF1D0E3DFA3240B1D4C43A1F365240F2879C8D2EFA324092A7E2272336524039928DCB1CFA3240D3AC9F182636524021D3A57608FA324000B80EF027365240B8B1EB56F2F932406438129C2836524021400746DBF93240,#FF0000
5,Mumbai,Deonar,Baiganwadi Signal Junction,14,10,13,37,10,19.05926,72.92386,0101000020E61000004985B185203B524001F6D1A92B0F3340,27.03,6,Day,Medium,0103000020E61000000100000021000000CC1172A53F3B5240A06B67102D0F33409052BB1E3F3B5240A68740F1150F3340D5FAFF6A3D3B524009B3CBA7FF0E33401A2FFF9A3A3B5240D6824A0FEB0E3340279A64CA363B5240F5E25AF2D80E3340D727B81E323B524040DA2D03CA0E3340EDC4ECC52C3B52406EA2AED4BE0E334098559CF4263B5240B56BDDD4B70E3340814102E4203B5240BA509548B50E3340C276C8CF1A3B5240BF0AE748B70E33403284BCF3143B52402D6922C2BD0E33401E5683890F3B5240A8039874C80E3340C82D62C60A3B5240EEB40BF7D60E3340859B32D9063B52402BCDBFBAE80E3340DD9C95E8033B52407637F110FD0E3340E2937711023B524097A18E31130F3340B2B2F365013B5240A19AE8422A0F334026CCA1EC013B5240880B0F62410F3340E16455A0033B5240C8C189AB570F334048865070063B52401C4316446C0F33405E62E8400A3B52408BEA14617E0F3340617795EC0E3B52407B6752508D0F3340C8BF6445143B5240F1FEE07E980F334088BFBB161A3B52408929BE7E9F0F3340260F5E27203B5240C7FA0C0BA20F3340AC7FA03B263B5240D6B3BB0AA00F33403B31B4172C3B5240C7737A91990F3340A409F381313B52402988F9DE8E0F3340D7EA1645363B524055CF765C800F334067DA45323A3B5240DC42B2986E0F334091F3DE223D3B5240EF7871425A0F3340216CF6F93E3B5240F21AC821440F3340CC1172A53F3B5240A06B67102D0F3340,#FFA500
6,Mumbai,Deonar,Eastern Freeway Ãƒâ€” GMLR,2,8,10,20,1,19.06325,72.91455,0101000020E6100000A323B9FC873A5240D578E92631103340,5.00,22,Night,Low,0103000020E61000000100000021000000E85F9E1CA73A524012222D8F321033406B1AFD95A63A5240F69A07701B103340180055E2A43A5240D08D83260510334037786412A23A52409625E38DF00F3340A28DD6419E3A52406A81C570DE0F3340A9AF3296993A5240DD6C5D81CF0F3340BA766B3D943A52406F669852C40F3340189E1A6C8E3A5240F44C7952BD0F33407C917B5B883A52401039DEC5BA0F3340E26F3847823A52400B14DBC5BC0F3340FA231F6B7C3A52400BF0C23EC30F3340521DD500773A52401C9AE9F0CD0F3340D442A03D723A524076F51573DC0F334089E65A506E3A524012108D36EE0F334042DCA65F6B3A5240242D8E8C02103340C0687188693A5240D1D509AD1810334079A4D6DC683A52407CE551BE2F10334074436F63693A52408CF576DD46103340AD9D0F176B3A524045E100275D103340E979FAE66D3A5240F098ACBF7110334052AA85B7713A5240A044D9DC83103340DE292A63763A524001CF51CC921033408847F5BB7B3A52400C3826FB9D1033404FB04C8D813A5240574951FBA4103340B1F8F39D873A5240C717F387A7103340CCC03FB28D3A5240D8B3F687A5103340CFCC608E933A524042F9080F9F1033401A7FB0F8983A5240C1FFD65C94103340C513E8BB9D3A5240E69C9BDA851033407DCE2CA9A13A5240750C14177410334008F4DC99A43A5240C28C03C15F10334066D70B71A63A52404AEC7BA049103340E85F9E1CA73A524012222D8F32103340,#FFFF00
7,Mumbai,Deonar,"GMLR, Mankhurd West",7,2,10,19,3,19.05667,72.92869,0101000020E6100000D3872EA86F3B524011AAD4EC810E3340,15.79,3,Night,Low,0103000020E6100000010000002100000058ACD5C78E3B524099998852830E3340E3C513418E3B524063FA60336C0E3340AAAE4E8D8C3B5240411CF4E9550E33400CEB45BD893B5240D4458351410E33402A74A5EC853B524021C2AB342F0E3340B46FF540813B5240CCAA9D45200E334087ED28E87B3B524035094317150E3340D5DCD916763B5240B7A59A170E0E3340CD974306703B524075097E8B0B0E334014E70FF2693B5240E841FC8B0D0E3340801D0C16643B5240DE686305140E334020D7DCAB5E3B5240546702B81E0E3340CEF3C6E8593B5240E3809B3A2D0E33400C95A3FB553B5240AE956FFE3E0E33405F40130B533B52401656BA54530E33404ADB0134513B524080766975690E3340901B8A88503B5240ADD7CC86800E3340B25C430F513B5240DB05F4A5970E33408CB500C3523B524025C766EFAD0E33408FCF0393553B524077EFE287C20E3340488EA163593B5240A17AC9A4D40E33400236520F5E3B52403E05E893E30E3340089E2268633B5240D10452C2EE0E33403B3F7839693B5240115A06C2F50E334096BF164A6F3B52405BAA294EF80E3340A315535E753B5240F2E2AB4DF60E3340949D5E3A7B3B5240D4D83ED4EF0E3340918D93A4803B524076889421E50E33400D29AC67853B52407167EC9ED60E33408AE4CE54893B52405BDF07DBC40E33405E535B458C3B5240F9C0AD84B00E3340F227661C8E3B5240CAAEF2639A0E334058ACD5C78E3B524099998852830E3340,#FFFF00
8,Mumbai,Deonar,"GMLR, Govandi West",4,3,10,17,3,19.06083,72.92057,0101000020E610000070EB6E9EEA3A52409D9D0C8E920F3340,17.65,18,Day,Low,0103000020E61000000100000021000000E7643EBE093B5240FFD23AF5930F3340783D8F37093B5240476C14D67C0F3340F49FDA83073B52407B319A8C660F3340B06EDFB3043B5240D6EC0DF4510F33405D1D49E3003B524047F70DD73F0F3340EA6D9F37FC3A52405FF8CBE7300F3340F231D5DEF63A5240FEF733B9250F33405542840DF13A5240221A47B91E0F3340AB0BE8FCEA3A52406389E12C1C0F33400C91AAE8E43A5240C320152D1E0F33409285990CDF3A52400DD832A6240F3340AA075AA2D93A5240906A8C582F0F3340A79631DFD43A5240C5C6E6DA3D0F33407F0AFAF1D03A52401136859E4F0F33402DAF5401CE3A5240AC78A5F4630F334004392E2ACC3A52402FE536157A0F3340042DA27ECB3A5240BE808A26910F334065AE4805CC3A5240FF72B045A80F3340818CF5B8CD3A52405D8E308FBE0F3340F612EB88D03A52409223C827D30F3340F3AA7E59D43A5240B420D744E50F3340B6FC2805D93A524074942934F40F3340E91DF75DDE3A52408BF5D062FF0F3340DD9D4E2FE43A5240B1C8C962061033402A10F33FEA3A5240391136EF08103340D6303954F03A524053EE02EF06103340B8FB5130F63A52407756DF75001033406F24979AFB3A524062737AC3F50F3340C74EC25D003B52409A0F1141E70F3340A138F94A043B5240772B627DD50F3340B7AE9A3B073B524023883227C10F33408A94BA12093B524059269506AB0F3340E7643EBE093B5240FFD23AF5930F3340,#FFFF00
9,Mumbai,Dindoshi,WEH near Pathanwadi,2,5,11,18,5,19.18097,72.85847,0101000020E610000037A6272CF13652409F8EC70C542E3340,27.78,4,Night,Medium,0103000020E61000000100000021000000FFB1675110375240CFFBEC80552E3340469D4BCB0F3752402641D7613E2E334042E7EE170E375240F483ED17282E334087120D480B375240FFD7757E132E3340339A507707375240B4A11760012E334038B842CB0237524037FD116FF22D33404218DA71FD365240DC4B623EE72D334052A9B69FF73652408A451E3CE02D33405FEE1B8EF1365240241939ADDD2D3340A0B1BD78EB3652402C34DDAADF2D3340F7BD749BE5365240C9BD7421E62D3340492DF22FE0365240D8456AD1F02D33405AE8876BDB36524068409A51FF2D334096241C7DD73652400A465D13112E3340DC055C8BD4365240DC5D0368252E3340671E3FB3D236524009698A873B2E3340316CEA06D23652408BAB4D98522E33403AC9FD8CD2365240FEDA62B7692E33406EAD5240D436524005705201802E3340FAC62E10D73652402573D59A942E33401E7AE8E0DA365240F1C542B9A62E3340E0F8F68CDF36524054FF58AAB52E3340B67F63E6E4365240BA3718DBC02E33408D878DB8EA365240135A68DDC72E33404F8C30CAF03652408D5F546CCA2E3340BE8097DFF6365240B8CFB06EC82E33403746E8BCFC365240456E13F8C12E334014927028023752400D8F1248B72E3340339CDDEC06375240FC77D3C7A82E334030C348DB0A37524074DDFF05972E33400AFB04CD0D375240933E4AB1822E334098491BA50F3752406117B7916C2E3340FFB1675110375240CFFBEC80552E3340,#FFA500
10,Mumbai,Goregaon,WEH Ãƒâ€” Ram Mandir Rd,8,8,5,21,4,19.15226,72.84458,0101000020E6100000C3B645990D3652402C7DE882FA263340,19.05,1,Night,Low,0103000020E61000000100000021000000F6C011BD2C36524031FFEDF8FB263340D39914372C3652405725D8D9E426334073ECE3832A365240E7D6DB8FCE263340148A39B427365240CEDE3FF6B92633404CCCBDE3233652401807ADD7A72633404C70F7371F365240237264E6982633403E62DADE19365240221466B58D263340E6A9030D143652401DABCAB286263340C4D7B3FB0D36524091C18823842633405CD59BE6073652401F55CE2086263340DDBA910902365240782E09978C2633400338449EFC355240D86CA74697263340B02B03DAF735524083DE88C6A5263340B935B3EBF335524035200988B7263340556800FAF03552408DC97ADCCB26334083D2E121EF35524069BFDDFBE12633408B827C75EE355240CFA88E0CF9263340A2F570FBEE35524023F0A32B10273340A5D399AEF0355240820DA67526273340B57B3E7EF3355240A4534D0F3B2733407A73B74EF7355240E43FEF2D4D273340DA697EFAFB3552402964481F5C273340295B9F5301365240D74656506727334021A87C25073652401FCDFD526E273340C7BFD4360D3652405C9446E2702733403A76F54B13365240539301E56E273340176007291936524009EBC06E682733403F9D5A941E365240A25E17BF5D273340966F9E58233652406DD8263F4F2733402DCBED46273652406D07967D3D2733404FB59C382A36524063D914292927334081B6B4102C36524046C6A50913273340F6C011BD2C36524031FFEDF8FB263340,#FFFF00
11,Mumbai,Jogeshwari,WEH Ãƒâ€” JVLR,6,5,16,27,6,19.14059,72.85481,0101000020E6100000CD920035B53652400725CCB4FD233340,22.22,5,Night,Low,0103000020E6100000010000002100000052E94A58D4365240B473D328FF233340EEB735D2D33652404F4BBB09E8233340E7E8F21ED2365240DE5FD0BFD1233340BEFF3C4FCF36524022D15826BD23334053C7BC7ECB365240E702FC07AB233340CD28F9D2C63652400504F9169C23334052F5E579C13652404A1C4DE690233340AFD31FA8BB365240C1DE0DE4892333403BB1E696B5365240764B2E55872333405998EA81AF365240E098D85289233340BC8E00A5A9365240FDB076C98F233340C808D639A4365240CEE272799A233340468DB9759F3652405860A9F9A823334067548E879B365240908172BBBA2333400707FF9598365240F6101E10CF233340E65601BE963652408AB9A92FE5233340A20EB91196365240A3917040FC233340C88DC59796365240922B885F13243340848F004B9836524067E878A92924334067C0B01A9B365240A4C5FB423E24334080342EEB9E365240D0A66761502433407B6EF296A336524098317B525F243340888509F0A8365240499936836A2433404A3BD6C1AE365240C9EE81857124334004A217D3B4365240B15A681474243340246D1CE8BA365240BD9BBE16722433400B440EC5C036524039B21AA06B24334044823E30C6365240E93113F0602433401AC25DF4CA3652406EA1CD6F52243340835F88E2CE36524053F4F3AD4024334052C913D4D1365240F2E438592C24334054E50AACD33652406824A1391624334052E94A58D4365240B473D328FF233340,#FFFF00
12,Mumbai,Jogeshwari,Shankarwadi Bus Stop,7,4,7,18,7,19.12874,72.85523,0101000020E6100000B8239C16BC365240E2AFC91AF5203340,38.89,15,Day,High,0103000020E61000000100000021000000157C5539DB365240CCBA858EF6203340BEDC3EB3DA3652405EA76C6FDF2033402F400000D936524023BE8325C92033408B005430D6365240250B118CB42033409389E25FD23652408BC2BB6DA22033403E3332B4CD3652404FA9C27C932033400311365BC83652400FA6224C88203340CCE68989C2365240F3D6F049812033408CA26C78BC365240FFB71FBB7E203340963C8D63B636524086F1D8B8802033405BA0BF86B0365240B0DA852F87203340AA2AB01BAB365240A73090DF912033401C58AC57A6365240339AD35FA02033404F6E9669A236524002F0A721B2203340764418789F365240328E5C76C6203340ADE326A09D3652407EC6EE95DC203340629DE5F39C365240996EB9A6F32033401B8CF3799D36524048F3D1C50A213340CD5C2A2D9F36524098ACC00F212133402EE5D0FCA1365240EEAB3EA93521334045983FCDA5365240D404A3C747213340DE89F078AA36524034A7ACB856213340DD8EF0D1AF365240FE275CE961213340EA4BA3A3B5365240530D9AEB68213340DCD2C8B4BB3652401B04727A6B21334071E9B0C9C13652405359B97C69213340895186A6C736524015A00606632133407B7E9B11CD365240C3FDF05558213340EB14A2D5D1365240EE839ED5492133407563B7C3D5365240FAA4B9133821334089AA31B5D83652404189F5BE232133407D781C8DDA365240BC3A579F0D213340157C5539DB365240CCBA858EF6203340,#FF0000
13,Mumbai,Kanjurmarg,EEH Ãƒâ€” JVLR,12,7,10,29,12,19.12408,72.93862,0101000020E6100000C7D79E59123C52407216F6B4C31F3340,41.38,14,Day,High,0103000020E6100000010000002100000026918C7C313C524057A6281AC51F3340A8D7B5F5303C5240CF0F05FBAD1F33400181BC412F3C52408F0CA1B1971F3340FA1362712C3C5240668B3D19831F334059AD55A0283C5240485377FC701F3340BB9823F4233C5240CBD27D0D621F33405FE5C39A1E3C5240E5473ADF561F3340382AD6C8183C52402D97AADF4F1F3340EAD99BB7123C52408356A7534D1F33406D0AC5A20C3C5240F0993E544F1F3340DA5225C6063C52404F85BDCD551F3340DA4C675B013C524078187280601F33406354D597FC3B524098C31D036F1F33409E4F4DAAF83B524015B100C7801F334068A273B9F53B52401400561D951F3340280437E2F33B5240C2FD0A3EAB1F334059D4B336F33B524077516F4FC21F334086DF81BDF33B5240137E926ED91F33408B707371F53B5240B670FCB7EF1F3340862FC841F83B52403D536B50042033400DDDD112FC3B524029A3406D16203340A79704BF003C5240AAA54A5C25203340CC366818063C524070999D8A30203340BC8A5CEA0B3C52404C41398A37203340B51F9FFB113C52400C3543163A203340839D7E10183C5240895BAC1538203340B81A26ED1D3C5240CA80279C31203340C4CEE957233C5240458C67E92620334055807E1B283C524054C9AC66182033401DDF05092C3C5240D059B9A2062033408AA0DBF92E3C5240F1A1544CF21F334001A611D1303C52401FAD932BDC1F334026918C7C313C524057A6281AC51F3340,#FF0000
14,Mumbai,Kasturba,"SGNP Junction, Borivali E",6,6,10,22,8,19.2314,72.86337,0101000020E61000003E963E74413752405E4BC8073D3B3340,36.36,11,Day,High,0103000020E610000001000000210000002266F39B603752403AAA037C3E3B3340D2DFCD15603752403BF8F05C273B3340CBEB4F625E375240DF4E0913113B3340FD5336925B375240FCAC9279FC3A334051B82DC1573752402F6C345BEA3A3340D23FC214533752404EA82D6ADB3A3340C72EEEBA4D3752401DCD7B39D03A3340F99455E84737524044A73437C93A3340B67540D64137524018844BA8C63A3340E54E67C03B3752401AF8EAA5C83A33403FA4A7E2353752406E587D1CCF3A33403E1FB7763037524030686DCCD93A33402CE2EBB12B375240E1D1974CE83A33405FDC2FC3273752408065550EFA3A3340644733D1243752405F60F6620E3B33408208F0F82237524079D67882243B33403F978C4C22375240233938933B3B3340125FA9D2223752401F644AB2523B3340A67B1F862437524081ED37FC683B3340A95433562737524075F1B9957D3B33401C2A39272B375240BE5A27B48F3B33401441A5D32F375240BFBE3EA59E3B3340293D7D2D35375240C12900D6A93B3340E0751C003B3752409C7053D8B03B3340E0E5391241375240426D4367B33B33402ECB1B28473752404380A469B13B3340474DE3054D375240E93F0CF3AA3B33401491D9715237524015CE1043A03B33405E94A73657375240E83BD7C2913B3340B2FB62255B3752402A080901803B3340A3A55B175E375240797D58AC6B3B33409D4598EF5F3752405EE6C98C553B33402266F39B603752403AAA037C3E3B3340,#FF0000
15,Mumbai,Kasturba,WEH near Metro Station,6,4,7,17,8,19.21698,72.86087,0101000020E6100000E2067C7E18375240D6E253008C373340,47.06,8,Day,High,0103000020E610000001000000210000009A617BA5373752406213BA748D373340E61B5B1F37375240C6A7A65576373340D42DE96B3537524075A6BC0B60373340F8EAE19B32375240792542724B373340D23EF1CA2E375240B8A4DE5339373340F164A21E2A375240E573D1622A3733401788EEC424375240223E18321F3733404D7B78F21E3752409518C92F1837334015EE86E018375240549FD7A0153733408100D1CA12375240DAB86E9E17373340DEDB32ED0C375240600CF9141E373340F3DF60810737524011ACE1C428373340AB02B0BC02375240658B054537373340E92F09CEFE3652407EBABD0649373340A1D01BDCFB36524094AB5A5B5D3733406434E103FA365240349ADA7A73373340AE7D7F57F93652408C10998B8A373340D10697DDF936524075F3ABAAA1373340F81E0191FB3652400AD29BF4B7373340F4A30261FE365240AEB1218ECC373340098AF03102375240615794ACDE373340C30140DE063752403325B29DED37334056C8F7370C37524086E87ACEF83733403A72740A123752400E2ED6D0FF3733402B4E6E1C183752402881CE5F0238334050F82C321E37524054F0376200383340DCF2D20F243752408BBFA7EBF9373340A9ACAA7B2937524031C1B33BEF37334001505E402E375240EEBC80BBE0373340EB84042F32375240D4F0B7F9CE37334079FAED20353752402C720BA5BA3733409BF921F93637524092637F85A43733409A617BA5373752406213BA748D373340,#FF0000
16,Mumbai,Kherwadi,BKC Main Rd Junction,11,12,3,26,9,19.05282,72.84741,0101000020E61000006A1327F73B36524021938C9C850D3340,34.62,0,Night,Medium,0103000020E610000001000000210000008DF033165B365240316C3710870D334017402C905A3652405B031AF16F0D33403B2320DD5836524031972DA7590D3340D502C80D563652400057B80D450D3340BF0EC93D52365240F59061EF320D33404F38A5924D365240BE1968FE230D3340E62C4A3A4836524086DCC8CD180D334000804D69423652409CF098CB110D3340A461E7583C365240DCBFCA3C0F0D3340EBC0BF4436365240C6D5873A110D3340F279A368303652402D6339B1170D33406A1938FE2A365240DCF64861220D3340FECDC43A26365240150392E1300D3340874F264D2236524013286CA3420D33403CDE015C1F365240D58726F8560D33402F1049841D365240B83ABE176D0D3340BF091DD81C3652401EE08D28840D3340CA131C5E1D365240AEB3AA479B0D3340336D20111F36524075E39C91B10D3340B8DB72E0213652407C5F1D2BC60D33406C0D6FB025365240C1238349D80D3340857C935B2A36524045138D3AE70D33406664F2B32F365240F4C03B6BF20D3340139BF58435365240C9BB776DF90D3340B8F163953B365240F0C34CFCFB0D3340DD3894A941365240484390FEF90D33404843B8854736524044F2D887F30D3340B25529F04C365240C122BED7E80D334081639FB3513652404C186657DA0D33404E493DA155365240047B7B95C80D334022DE5D9258365240CAAAB140B40D33406522106A5A365240FDE80D219E0D33408DF033165B365240316C3710870D3340,#FFA500
17,Mumbai,Mahim,Lady Jamshedji Rd Ãƒâ€” Cadell Rd,4,7,10,21,4,19.04283,72.84013,0101000020E6100000DD989EB0C4355240A54929E8F60A3340,19.05,6,Day,Low,0103000020E61000000100000021000000E19C27CFE33552407BD1E55CF80A33407A323049E3355240C3C9C83DE10A33407ECC3896E13552407636D2F3CA0A3340F507F9C6DE35524005AB485AB60A3340152515F7DA355240793DD43BA40A3340F20A0E4CD635524067E6B44A950A33404E4CD0F3D0355240B305E9198A0A33407A5CF022CB355240D3698717830A3340D750A512C535524062658488800A3340430E96FEBE355240718B0B86820A33402F818E22B93552403D1F88FC880A33406E6A33B8B33552407DB865AC930A33406F58CBF4AE355240F4B4812CA20A334097943207AB355240F76F35EEB30A3340AC260E16A83552405885D142C80A33408EA44F3EA635524073375462DE0A33409B6A1892A53552405CF41873F50A3340CD2F0718A6355240316335920C0B334006D3F6CAA735524013B631DC220B3340B8E5309AAA3552408A79C675370B33409D05126AAE3552404BE24994490B334043B71915B3355240E5AF7985580B3340D7505B6DB8355240D40055B6630B3340C7C8413EBE355240F0ACC2B86A0B3340210B954EC4355240758BCC476D0B3340EBF2AC62CA3552404AFE454A6B0B3340C242BC3ED0355240EBAAC3D3640B3340590B1DA9D5355240A4D9DA235A0B334053E0876CDA355240F8E1AFA34B0B3340A80C205ADE3552406DB0EBE1390B3340A39F404BE1355240D12A408D250B3340A599F822E33552407A68B16D0F0B3340E19C27CFE33552407BD1E55CF80A3340,#FFFF00
18,Mumbai,Mankhurd,SionÃ¢â‚¬â€œPanvel Hwy Ãƒâ€” GMLR,8,10,16,34,15,19.05119,72.93683,0101000020E610000059FAD005F53B5240DAE1AFC91A0D3340,44.12,21,Night,High,0103000020E61000000100000021000000BBA73F25143C524038BDE22D1C0D3340E8EE6A9E133C52409FD2B90E050D33401AEA95EA113C5240ED815AC5EE0C33404EBA801A0F3C52404A8C052DDA0C3340CCD2D7490B3C5240662A5710C80C334037AC239E063C524048E17D21B90C33400A7F5745013C5240E6B261F3AD0C33402A370D74FB3B52406701FFF3A60C3340B6FF7F63F53B52407DA82C68A40C33404948594FEF3B524042DBF668A60C334022E46573E93B52403CC8A8E2AC0C334015CE4909E43B5240F0788E95B70C334048294946DF3B524080796718C60C33404D463C59DB3B5240663572DCD70C334089CDC268D83B52403543E832EC0C3340A1C3C791D63B52402BADB553020D3340690265E6D53B5240D6292965190D3340D216316DD63B5240C8A65184300D3340755EFE20D83B52400FDDB6CD460D3340F3E50DF1DA3B5240AF2517665B0D33408316B4C1DE3B5240A38ED4826D0D33404CE1686DE33B52403249BE717C0D3340D7F438C6E83B52408ED2E99F870D33403DCD8997EE3B52401A72589F8E0D33408A3F1FA8F43B5240317B312B910D3340629B4EBCFA3B524013B6672A8F0D3340B3BC4998003C524083E3AFB0880D33400E7B6B02063C5240D1DFBEFD7D0D3340CDD66EC50A3C524034D8D67A6F0D334093157BB20E3C5240DEAABBB65D0D3340FAA7F0A2113C524015423660490D33405C21E579133C524012EA5C3F330D3340BBA73F25143C524038BDE22D1C0D3340,#FF0000
19,Mumbai,Nehru Nagar,Priyadarshini Junction,11,2,7,20,7,19.05348,72.88236,0101000020E61000001CD313967838524076FD82DDB00D3340,35.00,1,Night,High,0103000020E61000000100000021000000715D57B5973852406C23284BB20D33402B92FF2E97385240C8E2052C9B0D33404C55A47B95385240CC0C50E2840D3340F91901AC92385240FBB64A49700D3340B9F2BDDB8E385240FAE1982B5E0D3340936F5F308A3852408F0B733B4F0D3340E57ED5D7843852400CFDCD0B440D33404A81B7067F385240F130B50A3D0D334062EE3EF678385240CC57107D3A0D3340C66A14E272385240C790FD7B3C0D3340FFEE04066D3852407B5DDAF3420D3340038AB59B6738524081CD04A54D0D334068576CD862385240DE744D265C0D3340217104EB5E385240612102E96D0D33408EFE20FA5B385240078F693E820D33409316B1225A385240322F7A5E980D33408810D37659385240E6FA896FAF0D3340FC3522FD59385240D1B5AB8EC60D3340B6B175B05B385240DD5C67D8DC0D3340CB3E13805E385240CFF77771F10D334016A8535062385240CBCE388F030E334070C8B2FB66385240221B6F7F120E33408B9940546C385240F79123AF1D0E3340B523652572385240546048B0240E334014F0E535783852409E01F43D270E33408219194A7E3852405C4E073F250E33406E5630268438524099B024C71E0E3340A86985908938524072FBEE15140E3340385AD1538E38524019529794050E33404CA3384192385240AB2FD2D1F30D33407035183295385240B1595B7CDF0D3340DB9081099738524046B73E5CC90D3340715D57B5973852406C23284BB20D3340,#FF0000
20,Mumbai,Nirmal Nagar,WEH Ãƒâ€” SionÃ¢â‚¬â€œBandra Link Rd,21,13,11,45,13,19.05415,72.84623,0101000020E610000039B9DFA12836524012143FC6DC0D3340,28.89,4,Night,Medium,0103000020E610000001000000210000001041FBC0473652409477243ADE0D33403453F63A47365240E453071BC70D33407E4DEC874536524059EA18D1B00D33403B8495B842365240D67D9F379C0D3340191A97E83E3652409B8542198A0D334024FB723D3A365240441341287B0D334088D716E5343652407E6098F76F0D3340874D18142F3652409CE15DF5680D33407B9FAF03293652407D688466660D3340B0D584EF2236524095EF3564680D334055EB64131D3652406419DCDA6E0D3340E590F5A817365240BCE4E08A790D3340231C7EE512365240F82D200B880D3340D86DDBF70E36524054F5F1CC990D334069EFB2060C3652402BAFA521AE0D3340C45EF62E0A36524045B53841C40D33404505C782093652400DD50552DB0D33407F4CC3080A36524004632271F20D3340878EC5BB0B365240E38F16BB080E3340ACA5168B0E3652402B389B541D0E33403A4D125B12365240D02E07732F0E3340B904370617365240D71919643E0E3340C304975E1C3652409F3DD194490E33409A189C2F2236524004CC1797500E334013FF0C4028365240211DF825530E33407F6F40542E365240C42B4728510E3340871D683034365240A33E9BB14A0E3340162ADD9A3936524085378B01400E33406B61575E3E365240E0EF3C81310E33402D77F94B42365240D2AF5ABF1F0E33402F191E3D45365240FA84976A0B0E3340FD1FD414473652405A6FF84AF50D33401041FBC0473652409477243ADE0D3340,#FFA500
21,Mumbai,Nirmal Nagar,Kherwadi Signal,10,10,10,30,7,19.05561,72.84649,0101000020E6100000079964E42C365240A054FB743C0E3340,23.33,1,Night,Medium,0103000020E610000001000000210000007F5292034C365240F83BDCE83D0E334056DB8C7D4B3652401D29BFC9260E3340A19E81CA49365240E8FBD07F100E3340A1FC28FB46365240E4F457E6FB0D3340322A282B433652406787FBC7E90D33400D2B01803E365240B5BFFAD6DA0D3340AACBA12739365240E4D052A6CF0D334018CA9F5633365240BD2719A4C80D3340C88A33462D365240E48D4015C60D33401F3905322736524041F5F212C80D334004F3E15521365240AFF79989CE0D3340F8896FEB1B365240B78B9F39D90D3340D471F52717365240FE85DFB9E70D334052A5503A13365240FEDFB17BF90D3340ADA22649103652406F0866D00D0E3340C53669710E365240DE54F9EF230E334061B339C50D3652400190C6003B0E3340B783364B0E365240500DE31F520E334097FC39FE0F36524021FED669680E334061EC8CCD1236524042415B037D0E334039FC8A9D1636524085ADC6218F0E3340F893B2481B36524038EED7129E0E3340EBCF15A120365240464E8F43A90E3340835B1E72263652400C07D545B00E334072D392822C365240D778B4D4B20E3340EFCBC996323652400AA702D7B00E3340DFD5F47238365240FEE05560AA0E334021F16CDD3D365240D81045B09F0E3340DCCBE9A042365240CC17F62F910E3340C4FF8D8E46365240CA44136E7F0E3340D925B47F493652401DAB4F196B0E3340BB076B574B365240104FB0F9540E33407F5292034C365240F83BDCE83D0E3340,#FFA500
22,Mumbai,Pantnagar,GhatkoparÃ¢â‚¬â€œAndheri Link Rd Ãƒâ€” EEH,8,4,4,16,7,19.08416,72.92102,0101000020E610000090BDDEFDF13A5240A1A17F828B153340,43.75,18,Day,High,0103000020E610000001000000210000003844CC1E113B52407A0806EA8C15334030CF1C98103B52409C53E1CA7515334010E95CE40E3B5240CE5665815F15334059E34B140C3B524068EDD3E84A15334099089643083B5240B4A2CBCB381533400A51C497033B5240EA6F7EDC291533401618CB3EFE3A5240D7CAD8AD1E153340C504466DF83A52406B5DDCAD171533407B84725CF23A524031EB65211515334010BAFC47EC3A524029F58721171533406C82B46BE63A5240DE1F949A1D1533409A1A4101E13A524073D3DC4C281533408F00EA3DDC3A52409EA427CF361533403FD78A50D83A5240F975B892481533406770C65FD53A5240FD8DCDE85C153340DCB18A88D33A524064B156097315334028F2F3DCD23A5240FF36A51A8A153340F7BD9A63D33A52408878C939A1153340F6E15217D53A5240FE584B83B7153340053B5EE7D73A52408717E81BCC153340BB5B11B8DB3A5240276FFF38DE15334026B6E363E03A5240191C5D28ED1533400ED6E0BCE53A52405E261257F8153340587C6C8EEB3A5240058C1A57FF153340663B489FF13A524003B797E3011633400BAFC6B3F73A5240622076E3FF153340D0A81690FD3A52400312646AF91533404ABD8FFA023B52404D0910B8EE1533405F91E9BD073B5240372BB635E0153340D31748AB0B3B5240B5DF1472CE153340B797089C0E3B52407C62F01BBA1533404AC33D73103B5240D9465BFBA31533403844CC1E113B52407A0806EA8C153340,#FF0000
23,Mumbai,Shivaji Park,Veer Kotwal Udyan Chowk,8,5,6,19,3,19.02132,72.84239,0101000020E61000008E1EBFB7E93552402FC03E3A75053340,15.79,15,Day,Low,0103000020E61000000100000021000000CEA944D508365240CEFB2FAE76053340702B474F08365240D614118F5F053340D8E5539C0636524044842045490533404E4D22CD033652407DA2A4AB340533407F1656FDFF35524055FF448D220533408E3F6F52FB3552401BC7409C13053340D91D59FAF53552402D4F956B080533400F9FA629F03552407027586901053340A4198D19EA355240183C7CDAFE043340668BB105E4355240A89F2BD80005334048E4DD29DE3552408309D04E07053340B3E6B4BFD83552405B89D3FE1105334055347BFCD3355240E107127F20053340664E0B0FD0355240AD8CE34032053340A4AA081ECD3552403A8E9795460533406C926346CB35524041632BB55C053340F8673C9ACA35524009D1F9C57305334019443120CB355240421F18E58A0533409EC91CD3CC355240976D0E2FA105334050B248A2CF355240E28395C8B505334022271272D33552409B1D04E7C70533406E95F91CD835524045C718D8D6053340CA901375DD355240AAAAD308E20533407B95CC45E3355240EEDE1C0BE9053340CE4EEE55E93552404AA2FF99EB053340497FD269EF35524077D7509CE90533407AE6AD45F5355240DBAFA625E3053340E793DCAFFA3552407EFB9775D805334043081973FF35524068864AF5C9053340D6568860033652402C906833B8053340F1208751063652402623A5DEA305334044B3252908365240994105BF8D053340CEA944D508365240CEFB2FAE76053340,#FFFF00
24,Mumbai,Sion,Sion Circle Junction,3,6,16,25,6,19.04264,72.86366,0101000020E610000041B79734463752405E807D74EA0A3340,24.00,19,Night,Medium,0103000020E610000001000000210000000FFB3D5365375240029E29E5EB0A33405BA310CD64375240DD2009C6D40A33404643E419633752402835377CBE0A3340EE80724A603752403305F9E2A90A33403588617A5C37524053C1F3C4970A334090FB33CF573752405C1C63D4880A3340D0E7D7765237524076FA3FA47D0A33408CEAE2A54C37524050AE9AA2760A334027E88C95463752406A4E6014740A33404F317D81403752407FB8B412760A3340F6B67FA53A375240014DFB897C0A3340EDD6383B35375240E2E0973A870A3340EB58EE7730375240647B60BB950A334083637B8A2C375240CAD5A77DA70A3340B98A83992937524088DFB8D2BB0A3340F8ADF6C127375240095C8DF2D10A33404F41F4152737524041947D03E90A33404CF4189C27375240F0829D22000B33403E933D4F293752403137756C160B33403EA6A91E2C3752404FA5BE052B0B3340FDDEB7EE2F375240C9E6D2233D0B33402F06E69934375240890074144C0B33407EF745F2393752400E8DA644570B3340AC7E41C33F375240D5E057465E0B33407DB89FD345375240821099D4600B33400D14B8E74B375240E23445D65E0B33408A4FBDC351375240D2D7F85E580B3340E9DE092E57375240C80551AE4D0B3340E61C57F15B375240AF6D792D3F0B3340C177C9DE5F3752407C9E216B2D0B3340FC72BDCF62375240202A0116190B3340D3C543A764375240FEA520F6020B33400FFB3D5365375240029E29E5EB0A3340,#FFA500
25,Mumbai,Tilaknagar,Amar Mahal Junction,12,14,7,33,11,19.06541,72.89924,0101000020E610000053D0ED258D395240D4D4B2B5BE103340,33.33,15,Day,Medium,0103000020E610000001000000210000009D72D945AC39524038B1A520C01033404B5D5BBFAB39524047298201A9103340C0D9D40BAA3952406C9FE5B792103340E404033CA7395240D62F131F7E103340A7BB8F6BA33952400AE6AB016C1033407B6701C09E3952403062E5115D10334004CD496799395240C0C3B0E251103340F40D029693395240253315E24A1033408B3C65858D3952402F91F55448103340D6611D7187395240D2DE6A544A103340F196F894813952406363CDCC5010334072BC9C2A7C395240670B767E5B1033408B685067773952408A9130006A10334016D4EE79733952409C6346C37B10334069E81A8970395240F581FA1890103340D023C3B16E3952406C6B4039A61033404FF004066E3952407F0C6C4ABD103340875E7A8C6E395240AF168F69D4103340AB20F93F70395240897931B3EA1033401748C50F73395240F6340F4CFF10334021D535E0763952403085856911113340F1C8C48B7B3952407B805C5920113340934680E4803952409785A0882B113340D694CEB586395240E113488932113340D4A173C68C39524032776E1635113340A423C4DA923952404EA7F91633113340F1AFF0B698395240BF49919E2C113340E03752219E395240E555DDEC21113340F947A1E4A239524053C9136B13113340CA3C02D2A6395240D47FEDA7011133404B45D2C2A9395240CEFA2952ED103340B27A239AAB395240A813D831D71033409D72D945AC39524038B1A520C0103340,#FFA500
26,Mumbai,Tilaknagar,Chedda Nagar Junction,6,3,13,22,4,19.07081,72.90732,0101000020E61000006EC0E787113A5240D23AAA9A20123340,18.18,1,Night,Low,0103000020E610000001000000210000003F0620A8303A5240F8E5500422123340C4958F21303A52401EC92CE50A123340DE79F46D2E3A524012749C9BF4113340139A0C9E2B3A5240BA8AE202E011334025AC82CD273A524027279FE5CD11334041F8DD21233A5240368806F6BE113340151F11C91D3A5240D50908C7B31133404213B6F7173A524001C0A8C6AC113340D5A408E7113A5240AC3AC939AA1133403D80B3D20B3A52403F048039AC1133404B4185F6053A524009E022B2B21133409225248C003A5240CB410864BD113340FFF6D6C8FB395240FA8EF9E5CB113340DDF678DBF7395240971A3EA9DD1133405EEBACEAF43952405D1917FFF111334065056113F3395240499F761F08123340423AB267F2395240C69CAF301F1233400E033AEEF2395240AD3FD34F36123340785DCDA1F43952407C7169994C1233403E90AF71F7395240CEA92E3261123340D3C23642FB395240DE15814F731233408417DCEDFF395240E52C2A3F8212334026D5AC46053A52401811386E8D12334066710E180B3A52406056A36E94123340621CC428113A5240CE9989FB96123340A8E8213D173A52402F4AD3FB9412334017E957191D3A5240A3912A838E123340D4B1BE83223A5240E4E039D183123340C09B0E47273A5240378B394F7512334015FB6B342B3A52408587E48B631233401E2234252E3A5240ED22FC354F123340AB7779FC2F3A52408CA19015391233403F0620A8303A5240F8E5500422123340,#FFFF00
27,Mumbai,Vakola,WEH Ãƒâ€” JN Road,11,14,13,38,5,19.08042,72.84688,0101000020E6100000BCE82B4833365240BFF1B56796143340,13.16,18,Day,Low,0103000020E610000001000000210000009FA2896852365240E9A8FCDB97143340AA4984E2513652400C4EE1BC801433406D7B6D2F50365240C8DEF0726A143340230AFE5F4D365240B5B171D9551433402C0BDC8F493652405C760BBB43143340A8C88AE4443652401F99FDC934143340D0AEF98B3F36524081CD459929143340D264C0BA393652400F1CFA9622143340D66E19AA33365240A9FF0D0820143340AB39AF952D3652400E2AAC05221433403A3051B92736524053FC3E7C28143340F465A74E22365240C133312C33143340666FFB8A1D365240C3635FAC41143340DC312C9D193652402635226E5314334022CDE0AB16365240C9AFC9C2671433409E560CD4143652403AA653E27D143340ED02D12714365240393F1BF394143340B0B1CDAD14365240B1053612AC14334033B9DC6016365240CF3B2C5CC21433404B76463019365240D6A9B6F5D6143340E8B165001D365240A2E92B14E9143340968DB7AB2136524086454A05F8143340CF854C04273652402B871136031533409C5C8CD52C365240684B69380A1533408E8E3BE632365240D9405CC70C153340EA6DAEFA38365240D3AABEC90A153340173E14D73E365240B8112653041533408EBCC34144365240569928A3F91433407876720549365240E464EB22EB143340D71A41F34C365240D4141861D914334030A188E44F3652402F24610CC5143340E58A56BC51365240EF1ACBECAE1433409FA2896852365240E9A8FCDB97143340,#FFFF00
28,Mumbai,Vikhroli,"Godrej Signal, EEH",7,4,9,20,3,19.10245,72.92963,0101000020E61000005AD8D30E7F3B5240A779C7293A1A3340,15.00,4,Night,Low,0103000020E61000000100000021000000F29EAC309E3B52405F1225903B1A334002F1E9A99D3B5240B9CA0071241A334000850EF69B3B52400B9F90270E1A334048BBDA25993B524021F6158FF91933407334FC54953B5240167B2E72E7193340D778FDA8903B524010E40A83D8193340A69ED44F8B3B5240520D9654CD1933405B211F7E853B52408DC0CF54C61933407E4A1C6D7F3B5240D4AC92C8C3193340710E7A58793B5240EE1EEFC8C51933403CFF097C733B52400E7D3442CC193340C8E174116E3B5240ECFCB2F4D6193340A27F034E693B52404A222E77E5193340577E9260653B52409AF4E73AF7193340425FC56F623B524029271D910B1A3340235E8A98603B5240EC42BCB1211A334065CAFDEC5F3B524086C615C3381A3340C8CCB773603B5240679F39E24F1A334017758B27623B52404FB4AF2B661A33409591B9F7643B52401BB835C47A1A3340E05E95C8683B52401E452CE18C1A3340D7BE94746D3B5240DD5960D09B1A33404382C1CD723B52405C97E4FEA61A33403B957D9F783B5240A8DBB6FEAD1A334095AD88B07E3B52404EA5FA8AB01A33402C9533C5843B5240FAA19E8AAE1A33401568ABA18A3B52409E5A5311A81A3340C532460C903B5240E17FC95E9D1A3340754EBACF943B52408B483FDC8E1A334065AB2ABD983B524082F874187D1A33403EE1F3AD9B3B5240325F30C2681A3340B04C28859D3B5240E74B85A1521A3340F29EAC309E3B52405F1225903B1A3340,#FFFF00
29,Mumbai,Vikhroli,Godrej Boyce Bus Stop,6,4,7,17,1,19.10113,72.92931,0101000020E61000002176A6D0793B5240FDA4DAA7E3193340,5.88,10,Day,Low,0103000020E6100000010000002100000055A46EF2983B5240BA54400EE519334098A8AC6B983B52406EFC1BEFCD193340308BD2B7963B52402271ABA5B7193340999FA0E7933B5240521D300DA31933400F74C416903B5240B3B247F090193340B579C86A8B3B52409FF0220182193340A7ABA211863B5240DFBEACD2761933406467F03F803B52407EF4E4D26F193340C3D6F02E7A3B5240394FA6466D193340F5CD511A743B5240412B01476F19334083BFE43D6E3B524064FE44C075193340D35252D3683B5240820DC27280193340F636E30F643B524086EA3BF58E1933401CFB7322603B52407EA9F4B8A0193340300FA8315D3B52403F08290FB519334025A36D5A5B3B5240E597C72FCB193340A600E1AE5A3B524075DC2041E219334002519A355B3B5240CBC54460F9193340DBAA6CE95C3B52400A3ABBA90F1A334048E998B95F3B524063E84142241A3340495B728A633B5240A764395F361A3340ECF96E36683B524028A46E4E451A334015B1988F6D3B52407C3CF47C501A3340D98A5161733B524056FEC77C571A3340C75C5972793B52409C590D095A1A3340F51001877F3B52408BECB208581A3340F5E27563853B52407630698F511A3340D0FC0DCE8A3B5240CCC6E0DC461A334035D27F918F3B524025D8575A381A3340C669EE7E933B5240BE9B8E96261A3340976CB66F963B52406DD64A40121A33402243EA46983B52404B4FA01FFC19334055A46EF2983B5240BA54400EE5193340,#FFFF00
30,Mumbai,Vile Parle,WEH Ãƒâ€” Nehru Road,8,1,11,20,3,19.09651,72.85306,0101000020E6100000A661F88898365240A9BC1DE1B4183340,15.00,6,Day,Low,0103000020E610000001000000210000008B7923AAB736524049E49F54B618334064931024B7365240A5CB84359F1833401BD9E470B5365240FD299CEB88183340D6EA59A1B2365240E4082C52741833406CEC16D1AE3652409583DB33621833409B6CA025AA365240A330E94253183340E545E7CCA436524067B451124818334063A984FB9E36524080D9291041183340A2B1B4EA9836524038BA63813E183340BB5E23D692365240B592287F401833404A9CA1F98C365240AB47E1F5461833401DDDD88E87365240F621F7A55118334042E613CB82365240A656452660183340FF9232DD7E365240D15323E8711833401DB5DCEB7B3652402F16E03C8618334023C905147A365240139F785C9C183340021CD06779365240DA85476DB3183340E555DAED793652407B0D628CCA183340F947FEA07B3652405C7A50D6E0183340638183707E36524019E1CB6FF5183340B4BCC34082365240256F2B8E07193340D5D63AEC8636524001442E7F16193340C2DDF7448C365240F337D5AF2119334058096116923652408D2509B228193340693F392798365240F91BD6402B193340933ED33B9E3652407DD411432919334039C95C18A43652404C5453CC22193340413D2B83A93652406234321C1819334035F7F246AE365240F2F6D49B091933402AB0D334B2365240E077E6D9F7183340D4AD2526B5365240C83D1A85E3183340BA0AF6FDB636524033A27565CD1833408B7923AAB736524049E49F54B6183340,#FFFF00
